variable,tipo,descripcion,unidad,fuente,valores_faltantes
iso3,texto,Código ISO 3166-1 alfa-3 de la economía,—,ISO 3166,No aplica
country,texto,Nombre de la economía (español),—,ISO 3166,No aplica
fixed_broadband,numérico (float),[I1 · Infraestructura y conectividad] Suscripciones a acceso a Internet de alta velocidad de línea fija (>=256 kbit/s) por cada 100 personas.,por 100 habitantes,ITU (World Telecommunication/ICT Indicators Database) — vía World Bank Indicators API,Vacío (NaN) = dato no disponible; 0 = valor cero observado
fixed_broadband_year,entero (Int64),Año de observación del indicador I1 para esa economía,año,Mismo que el indicador,Vacío si el indicador no está disponible
secure_servers,numérico (float),"[I2 · Infraestructura y conectividad] Servidores que usan tecnología de cifrado en transacciones de Internet, por millón de personas.",por millón de habitantes,"Netcraft, compilado por el Banco Mundial — vía World Bank Indicators API",Vacío (NaN) = dato no disponible; 0 = valor cero observado
secure_servers_year,entero (Int64),Año de observación del indicador I2 para esa economía,año,Mismo que el indicador,Vacío si el indicador no está disponible
internet_users,numérico (float),[I3 · Acceso y uso] Porcentaje de la población que usó Internet (desde cualquier lugar) en los últimos 3 meses.,% de la población,ITU (World Telecommunication/ICT Indicators Database) — vía World Bank Indicators API,Vacío (NaN) = dato no disponible; 0 = valor cero observado
internet_users_year,entero (Int64),Año de observación del indicador I3 para esa economía,año,Mismo que el indicador,Vacío si el indicador no está disponible
broadband_basket,numérico (float),[I4 · Calidad y asequibilidad] Precio mensual de la canasta de banda ancha fija como porcentaje del ingreso nacional bruto per cápita. Mayor costo relativo = menor asequibilidad (se invierte).,% del INB per cápita,ITU — vía ITU DataHub (descarga manual de CSV oficial),Vacío (NaN) = dato no disponible; 0 = valor cero observado
broadband_basket_year,entero (Int64),Año de observación del indicador I4 para esa economía,año,Mismo que el indicador,Vacío si el indicador no está disponible
ict_services_exports,numérico (float),"[I5 · Actividad económica digital] Servicios de informática, comunicaciones y servicios de información y computación, como % de las exportaciones de servicios.",% de exportaciones de servicios,"FMI (Balanza de Pagos), compilado por el Banco Mundial — vía World Bank Indicators API",Vacío (NaN) = dato no disponible; 0 = valor cero observado
ict_services_exports_year,entero (Int64),Año de observación del indicador I5 para esa economía,año,Mismo que el indicador,Vacío si el indicador no está disponible
ict_goods_exports,numérico (float),"[I6 · Actividad económica digital] Equipos de cómputo y periféricos, comunicaciones, electrónica de consumo, componentes y otros bienes TIC, como % de las exportaciones de bienes.",% de exportaciones de bienes,"Naciones Unidas (UN Comtrade), compilado por el Banco Mundial — vía World Bank Indicators API",Vacío (NaN) = dato no disponible; 0 = valor cero observado
ict_goods_exports_year,entero (Int64),Año de observación del indicador I6 para esa economía,año,Mismo que el indicador,Vacío si el indicador no está disponible
rd_expenditure,numérico (float),[I7 · Capacidad tecnológica e innovación] Gasto interno bruto en I+D (sector público y privado) como % del PIB.,% del PIB,"UNESCO Institute for Statistics, compilado por el Banco Mundial — vía World Bank Indicators API",Vacío (NaN) = dato no disponible; 0 = valor cero observado
rd_expenditure_year,entero (Int64),Año de observación del indicador I7 para esa economía,año,Mismo que el indicador,Vacío si el indicador no está disponible
patents_per_million,numérico (float),"[I8 · Capacidad tecnológica e innovación] Solicitudes de patente presentadas por residentes de la economía ante su oficina nacional, normalizadas por población.",solicitudes por millón de habitantes,WIPO (patentes) y Banco Mundial (población) — vía World Bank Indicators API (o WIPO IP Statistics Data Center si se coloca el CSV en data/raw),Vacío (NaN) = dato no disponible; 0 = valor cero observado
patents_per_million_year,entero (Int64),Año de observación del indicador I8 para esa economía,año,Mismo que el indicador,Vacío si el indicador no está disponible
